词语	拼音	意思	语法	课	プラスα	
您	nín	vous (forme respectueuse)	Pron.	1	-	-
好	hǎo	bon, bien	Adj.	1		
贵姓	guìxìng	Comment vous appelez-vous ?		1		
姓	xìng	s'appeler; nom de famille	V & N	1		
我	wǒ	je, me, moi	Pron.	1		
呢	ne	(particule interrogative)	Part.	1		
是	shì	être	V.	1		
人	rén	personne, homme	N.	1		
吗	ma	(particule interrogative)	Part.	1		
不	bù	non, ne pas	Adv.	1		
同学	tóngxué	camarade de classe	N.	1		
们	men	(suffixe pluriel)		1		
老师	lǎoshī	professeur, enseignant	N.	1		
叫	jiào	appeler, s'appeler; crier	V.	1		
你	nǐ	tu, te, toi	Pron.	1		
什么	shénme	quoi, que, quel	Pron.Int.	1		
名字	míngzi	nom	N.	1		
哪国人	nǎ guó rén	quelle nationalité		1		
哪	nǎ	quel(s), quelle(s)	Pron.Int.	1		
国	guó	pays		1		
也	yě	aussi	Adv.	1		
说	shuō	parler, dire	V.	1		
英语	yīngyǔ	langue anglaise	N.	1		
还是	háishi	ou	Conj.	1		
法语	fǎyǔ	langue française	N.	1		
都	dōu	tout, tous, toute(s)	Adv.	1		
只	zhǐ	seulement, uniquement	Adv.	1		
汉语	hànyǔ	langue chinoise	N.	1		
她	tā	elle, elle, se, la	Pron.	1		
他	tā	il, lui, se, la	Pron.	1		
加拿大	jiānádà	Canada		1		
中国	zhōngguó	Chine		1		
法国	fǎguó	France		1		
美国	měiguó	Etats-Unis		1		
普通话	Pǔtōng huà	Mandarin		1+		
英国	Yīngguó	Royaume-Uni	N.	1+		
俄国	Éguó	Russie	N.	1+		
德国	Déguó	Allemagne	N.	1+		
日本	Rìběn	Japon	N.	1+		
韩国	hánguó	Corée du Sud	N.	1+		
华裔	huáyì	Personne d'origine chinoise qui n'est pas de nationalité chinoise	N.	1+		
认识	rènshi	connaître	V.	2	-	-
很	hěn	très	Adv.	2		
高兴	gāoxìng	heureux, content	Adj.	2		
在	zài	(être) dans, en, sur...	Prep & V	2		
进出口	jìnchūkǒu	importation et exportation		2		
进口	jìnkǒu	importation	V.	2		
出口	chūkǒu	exportation	V.	2		
公司	gōngsī	entreprise, société, compagnie	N.	2		
工作	gōngzuò	travailler; travail	V & N	2		
大学	dàxué	université	N.	2		
系	xì	département	N.	2		
学习	xuéxí	étudier, apprendre	V.	2		
可以	kěyǐ	pouvoir	V.Aux.	2		
给	gěi	à, pour	Prep.	2		
打电话	dǎ diànhuà	téléphoner		2		
电话	diànhuà	téléphone	N.	2		
给 (人) 打电话	gěi (rén) dǎ diànhuà	téléphoner à qn		2		
的	de		Part.	2		
我的	wǒ de	mon, mes, le mien, les miens		2		
号码	hàomǎ	numéro	N.	2		
0零	líng	zéro	Num.	2		
发	fā	envoyer, poster	V.	2		
电子邮件	diànzǐ yóujiàn	e-mail		2		
电子	diànzǐ	électronique	N.	2		
邮件	yóujiàn	lettre, courrier	N.	2		
这	zhè	ce, cet, cette	Pron.	2		
女	nǚ	féminin	Adj.	2		
朋友	péngyou	ami	N.	2		
请	qǐng	s'il vous plaît, prier de	V.	2		
进	jìn	entrer	V.	2		
坐	zuò	s'asseoir	V.	2		
谢谢	xièxie	merci	V.	2		
喝	hē	boire	V.	2		
茶	chá	thé	N.	2		
哪儿，哪里	nǎr，nǎli	où	Pron.Int.	2		
学院	xuéyuàn	institut	N.	2		
怎么样	zěnmeyàng	comment	Pron.Int.	2		
大	dà	grand	Adj.	2		
漂亮	piàoliang	joli, beau	Adj.	2		
喜欢	xǐhuan	aimer	V.	2		
那	nà	ce, cela	Pron.	2		
男	nán	masculin	Adj.	2		
小	xiǎo	petit	Adj.	2		
中学	zhōngxué	École secondaire	N.	2+		
小学	xiǎoxué	École primaire	N.	2+		
电脑	diànnǎo	Ordinateur	N.	2+		
饮料	yǐnliào	Boissons	N.	2+		
水	shuǐ	Eau	N.	2+		
橙汁	chéngzhī	Jus d'orange	N.	2+		
可口可乐	kěkǒukělè	Coca-cola	N.	2+		
亚洲	Yàzhōu	Asie	N.	2+		
欧洲	Ōuzhōu	Europe	N.	2+		
美洲	Měizhōu	Amérique	N.	2+		
大洋洲	Dàyángzhōu	Océanie	N.	2+		
非洲	Fēizhōu	Afrique	N.	2+		
西方	Xīfāng	Occident	N.	2+		
地方	dìfang	endroit, lieu	N.	3	-	-
个	gè	(compteur général)	Spec.	3		
这儿，这里	zhèr，zhèli	ici	Pron.	3		
家	jiā	famille, maison	N & Spec	3		
有	yǒu	avoir, il y a	V.	3		
几	jǐ	combien	Pron.Int.	3		
口	kǒu	(compteur pour la personne quand il s'agit de la famille)	Spec.	3		
爸爸	bàba	père, papa	N.	3		
妈妈	māma	mère, maman	N.	3		
和	hé	et	Conj.	3		
太太	tàitai	femme, madame	N.	3		
孩子	háizi	enfant	N.	3		
男孩儿	nánháir	garçon		3		
女孩儿	nǚháir	fille		3		
多大	duōdà	quelle âge		3		
两	liǎng	deux	Num.	3		
岁	suì	âge, an	Spec.	3		
可爱	kě'ài	charmant, aimable	Adj.	3		
吧	ba	(particule)	Part.	3		
学校	xuéxiào	école, université	N.	3		
多少	duōshao	combien	Pron.Int.	3		
学生	xuésheng	élève, étudiant	N.	3		
想	xiǎng	penser, vouloir	V & V.M	3		
大概	dàgài	peut-être, environ	Adv.	3		
万	wàn	dix mille	Num.	3		
没有	méiyǒu	il n'y a pas, ne pas avoir	V.	3		
多	duō	beaucoup, nombreux	Adj.	3		
千	qiān	mille	Num.	3		
去	qù	aller	V.	3		
为什么	wèi shénme	pourquoi		3		
为	wèi	pour, afin de	Prep.	3		
分公司	fēngōngsī	filiale d'une entreprise, succursale		3		
老板	lǎobǎn	patron	N.	3		
让	ràng	faire (faire), laisser, demander (de faire)	V.	3		
那儿，那里	nàr，nàli	là-bas	Pron.	3		
百	bǎi	cent	Num.	3		
少	shǎo	peu	Adj.	3		
因为	yīnwèi	parce que, car	Conj.	3		
广东	Guǎngdōng	Guangdong		3		
哥哥	gēge	Frère aîné	N.	3+		
姐姐	jiějie	Soeur ainée	N.	3+		
弟弟	dìdi	Frère cadet	N.	3+		
妹妹	mèimei	Soeur cadette	N.	3+		
年纪	niánjì	Âge	N.	3+		
亿	yì	Cent millions	Num.	3+		
因为	yīnwèi	Parce que, à cause de	Conj.	3+		
职员	zhíyuán	Employé	N.	3+		
地图 [张]	dìtú	carte	N.	4	-	-
张	zhāng	(spécificatif pour le papier, la carte, le ticket)	Spec.	4		
中文	zhōngwén	langue chinoise	N.	4		
法文	fǎwén	langue française	N.	4		
看	kàn	regarder, voir	V.	4		
一下	yíxià	un(une), un coup		4		
行	xíng	d'accord, bien	V.	4		
要	yào	vouloir qch. vouloir faire qch.	V & V.M	4		
给	gěi	donner	V.	4		
干	gàn	faire, travailler	V.	4		
是的	shìde	oui		4		
玩儿	wánr	jouer, s'amuser	V.	4		
知道	zhīdào	savoir, connaître	V.	4		
比较	bǐjiào	relativement	Adv.	4		
真	zhēn	réllement, vraiment	Adv.	4		
有意思	yǒu yìsi	intéressant		4		
意思	yìsi	sens, signification	N.	4		
龙	lóng	dragon	N.	4		
山	shān	montagne, colline	N.	4		
词典 [本]	cídiǎn	dictionnaire	N.	4		
汉法词典	Hàn-Fǎ cídiǎn	dictionnaire chinois-français		4		
法汉词典	Fǎ-Hàn cídiǎn	dictionnaire français-chinois		4		
本	běn	(spécificatif pour les livres, les cahiers, les albums etc.)	Spec.	4		
谁	shéi，shuí	qui	Pron.Int.	4		
请问	qǐngwèn	excusez-moi; pardon (utilisé pour poser des questions)		4		
问	wèn	demander	V.	4		
对	duì	oui, correct	Adj.	4		
非常	fēicháng	très extrêmement	Adv.	4		
有用	yǒuyòng	utile	Adj.	4		
能	néng	pouvoir	V.M.	4		
用	yòng	utiliser, employer	V.	4		
当然	dāngrán	bien sûr, évidemment	Adv.	4		
书 [本]	shū	livre	N.	4		
本子	běnzi	cahier	N.	4		
笔 [支]	bǐ	stylo, crayon	N.	4		
支	zhī	(spécificatif pour les stylos)	Spec.	4		
教室	jiàoshì	salle de classe	N.	4		
上课	shàng kè	suivre des cours		4		
北京	Běijīng	Beijing		4		
上海	Shànghǎi	Shanghai		4		
龙山	Lóngshān	Longshan		4		
课本	kèběn	Manuel	N.	4+		
录音机	lùyīnjī	Magnétophone 	N.	4+		
录像机	lùxiàngjī	Magnétoscope, caméra	N.	4+		
台	tái	(Spécificatif pour les ordinateurs, magnétophones, magnétoscopes etc.)	Spec.	4+		
磁带	cídài	Cassette	N.	4+		
录像带	lùxiàngdài	Cassette vidéo	N.	4+		
盘	pán	(Spécificatif pour les cassettes (vidéo))	Spec.	4+		
光盘	guāngpán	CD, CD-ROM	N.	4+		
教师	jiàoshī	Professeur, enseignant	N.	4+		
语言实验室	yǔyán shíyànshì	Laboratoire de langues		4+		
黑板	hēibǎn	Tableau noir	N.	4+		
小姐	xiǎojiě	mademoiselle	N.	5	-	-
会	huì	savoir faire qch; être capable de faire qch.	V.M.	5		
一点儿	yìdiǎnr	un peu		5		
先生	xiānsheng	monsieur; mari	N.	5		
买	mǎi	acheter	V.	5		
件	jiàn	(spécificatif pour les vêtements)	Spec.	5		
衬衫 [件]	chènshān	chemise	N.	5		
白	bái	blanc	Adj.	5		
钱	qián	argent, monnaie	N.	5		
块(元)	kuài (yuán)	unité de Renminbi	Spec.	5		
太	tài	trop; excessivement	Adv.	5		
太······了	tài … le	c'est trop ...		5		
不太······	bú tài …	ce n'est pas trop ...		5		
贵	guì	cher, noble	Adj.	5		
红	hóng	rouge	Adj.	5		
便宜	piányi	bon marché	Adj.	5		
还	hái	encore; en plus	Adv.	5		
条	tiáo	(spécificatif pour les pantalons, les routes, les rivières, les poissons, etc.)	Spec.	5		
裤子 [条]	kùzi	pantalon	N.	5		
试	shì	essayer	V.	5		
那，···	nà, ...	dans ce cas-là; donc...	Conj.	5		
来	lái	venir	V.	5		
饭店	fàndiàn	restaurant, hôtel	N.	5		
最	zuì	le plus	Adv.	5		
好吃	hǎochī	délicieux	Adj.	5		
菜	cài	plat, légumes	N.	5		
糖醋鱼	tángcùyú	poisson à la sauce aigre-douce		5		
糖	táng	sucre; bonbon	N.	5		
醋	cù	vinaigre	N.	5		
鱼 [条]	yú	poisson	N.	5		
吃	chī	manger	V.	5		
辣	là	piquant, épicé	Adj.	5		
酸辣汤	suānlàtāng	soupe vinaigrée et poivrée		5		
酸	suān	acide	Adj.	5		
汤	tāng	soupe	N.	5		
牛肉	niúròu	boeuf	N.	5		
牛	niú	vache, boeuf	N.	5		
肉	ròu	viande	N.	5		
红烧	hóngshāo	cuire à feu doux et à la sauce de soja		5		
米饭	mǐfàn	riz cuit	N.	5		
水饺(饺子)	shuǐjiǎo (jiǎozi)	ravioli chinois	N.	5		
瓶	píng	bouteille	Spec.	5		
啤酒	píjiǔ	bière	N.	5		
等	děng	attendre	V.	5		
东西	dōngxi	chose	N.	5		
买东西	mǎi dōngxi	faire des courses		5		
商店	shāngdiàn	magasin	N.	5		
卖	mài	vendre	V.	5		
衣服 [件]	yīfu	vêtements	N.	5		
颜色	yánsè	Couleur	N.	5+		
蓝	lán	Bleu	Adj.	5+		
绿	lǜ	Vert	Adj.	5+		
黄	huáng	Jaune	Adj.	5+		
黑	hēi	Noir	Adj.	5+		
人民币	rénmínbì	(Nom de la monnaie chinoise)		5+		
角(毛)	jiǎo (máo)	1 mao = 10 centimes	Spec.	5+		
分	fēn	Centime	Spec.	5+		
鸡	jī	Coq, poule, poulet	N.	5+		
猪	zhū	Cochon, porc	N.	5+		
甜	tián	Sucré	Adj.	5+		
咸	xián	Salé	Adj.	5+		
唐人街	Tāngrén Jiē	Chinatown		5+		
中国城	Zhōngguó chéng	Chinatown		5+		
明天	míngtiān	Demain	M.T.	6	-	-
星期六	xīngqīliù	Samedi	M.T.	6		
星期	xīngqī	Semaine	N.	6		
打算	dǎsuàn	Envisager (de faire qch.); plan, compter (faire qch.)	V & N	6		
打工	dǎgōng	Travailler temporairement pour qn.		6		
晚上	wǎnshang	Soir, soirée	M.T.	6		
约会	yuēhuì	Rendez-vous	N.	6		
白天	báitiān	Journée	M.T.	6		
家里	jiāli	À la maison	M.P.	6		
里	lǐ	Dans, à l'intérieur	M.P.	6		
休息	xiūxi	Se reposer	V.	6		
打球	dǎqiú	Jouer au ballon		6		
球	qiú	Ballon	N.	6		
跟······一起	gēn…yìqǐ	Ensemble avec…		6		
跟	gēn	Avec	Prep.	6		
一起	yìqǐ	Ensemble	Adv.	6		
电视	diànshì	Télévision	N.	6		
位	wèi	(Spécificatif pour les personnes en exprimant la politesse)	Spec.	6		
事儿 [件]	shìr	Affaire, chose	N.	6		
咖啡	kāfēi	Café	N.	6		
时候	shíhou	Temps, moment	N.	6		
什么时候	shénme shíhou	Quand, quel temps, quel moment		6		
今天	jīntiān	Aujourd'hui	M.T.	6		
忙	máng	Occupé	Adj.	6		
做	zuò	Faire	V.	6		
功课	gōngkè	Devoir	N.	6		
对不起	duìbuqǐ	Pardon		6		
没关系	méi guānxi	De rien, ce n'est pas grave		6		
空儿	kòngr	Temps libre	N.	6		
点(钟)	diǎn(zhōng)	Heure	Spec.	6		
半	bàn	Demi	Num.	6		
见面	jiànmiàn	Se rencontrer		6		
刻	kè	Un quart d'heure	Spec.	6		
接	jiē	Accueillir	V.	6		
再见	zàijiàn	Au revoir	V.	6		
现在	xiànzài	Maintenant	M.T.	6		
分	fēn	Minute	Spec.	6		
早上	zǎoshang	Petit matin	M.T.	6		
上午	shàngwǔ	Matin	M.T.	6		
下午	xiàwǔ	Après-midi	M.T.	6		
咖啡馆	kāfēiguǎn	Café (le lieu)	N.	6+		
篮球	lánqiú	Basket-ball	N.	6+		
网球	wǎngqiú	Tennis	N.	6+		
橄榄球	gǎnlǎnqiú	Rugby	N.	6+		
排球	páiqiú	Volley-ball	N.	6+		
羽毛球	yǔmáoqiú	Badminton	N.	6+		
乒乓球	pīngpāngqiú	Ping-pong	N.	6+		
足球	zúqiú	Football	N.	6+		
踢	tī	Jouer	N.	6+		
前天	qiántiān	Avant-hier	N.	6+		
后天	hòutiān	Après-demain	N.	6+		
夜里	yèli	Nuit	N.	6+		
上网	shàngwǎng	Aller sur internet		6+		
曲棍球	qūgùnqiú	Hockey sur gazon	N.	6+		
冰球	bīngqiú	Hockey sur glace	N.	6+		
放假	fàngjià	prendre des vacances		7	-	-
月	yuè	mois		7		
下旬	xiàxún	dernière décade d'un mois	M.T.	7		
以后	yǐhòu	après, plus tard	M.T.	7		
旅行	lǚxíng	voyager	V.	7		
中旬	zhōngxún	deuxième décade d'un mois	M.T.	7		
或者	huòzhě	ou	Conj.	7		
回来	huílai	rentrer, retourner	V.D.	7		
回	huí	rentrer, retourner	V.D.	7		
号(日)	hào (rì)	date		7		
以前	yǐqián	avant, auparavant	M.T.	7		
可是	kěshì	mais	Conj.	7		
有点儿	yǒudiǎnr	un peu	Adv.	7		
担心	dānxīn	s'inquiéter, être inquiet	V.	7		
别	bié	ne pas (demander à qn de ne pas faire qch.)	Adv.	7		
帮助	bāngzhù	aider, aide	V & N	7		
进来	jìnlái	entrer	V.D.	7		
进	jìn	entrer	V.D.	7		
找	zhǎo	chercher, rechercher	V.	7		
戴	dài	porter (des lunettes, une cravate, une montre...)	V.	7		
副	fù	(Spécificatif pour les lunettes, les jumelles...)	Spec.	7		
眼镜 [副]	yǎnjìng	lunettes	N.	7		
每	měi	chacun	Pron.	7		
瘦	shòu	mince, maigre	Adj.	7		
高	gāo	grand, haut	Adj.	7		
头发	tóufa	cheveux	N.	7		
长	cháng	long	Adj.	7		
穿	chuān	habiller, porter	V.	7		
牛仔裤 [条]	niúzǎikù	jeans		7		
刚	gāng	venir de, juste avant	Adv.	7		
出去	chūqù	sortir	V.D.	7		
出	chū	sortir	V.D.	7		
过	guò	passer, traverser	V.D.	7		
一会儿	yíhuìr	un moment		7		
再	zài	encore	Adv.	7		
上	shàng	dessus, monter	N & V.D	7		
下	xià	dessous, descendre	N & V.D	7		
今年	jīnnián	cette année	M.T.	7		
四川	Sìchuān	Sichuan		7		
云南	Yúnnán	Yunnan		7		
放心	fàngxīn	Se tranquilliser, avoir l'esprit tranquille	Adj.	7+		
明年	míngnián	Année prochaine	N.	7+		
去年	qùnián	Année dernière, année passée	N.	7+		
后年	hòunián	Dans deux ans	N.	7+		
前年	qiánnián	Il y a deux ans	N.	7+		
上旬	shàngxún	La première décade d'un mois	N.	7+		
不要	bú yào	Ne pas (demande à qn. de ne pas faire qch.)		7+		
不用	bú yòng	Pas besoin		7+		
胖	pàng	Gros	Adj.	7+		
矮	ǎi	Petit (en taille)	Adj.	7+		
短	duǎn	Court	Adj.	7+		
眼睛	yǎnjing	Oeil	N.	7+		
附近	fùjìn	Près, près de	M.P.	8	-	-
银行	yínháng	Banque	N.	8		
行人	xíngrén	Piéton	N.	8		
离	lí	De	Prep.	8		
远	yuǎn	Loin	Adj.	8		
怎么	zěnme	Comment	Adv.	8		
走	zǒu	Aller, marcher, partir	V.	8		
往	wǎng	À, vers	Prep.	8		
前面(前边)	qiánmian(qiánbian)	Devant, avant	M.P.	8		
前	qián	Devant, avant		8		
右面(右边)	yòumian(yòubian)	À droite	M.P.	8		
右	yòu	Droite		8		
拐	guǎi	Tourner	V.	8		
马路 [条]	mǎlù	Rue, route	N.	8		
路	lù	Rue, route, chemin	N.	8		
就	jiù	Juste (pour insister)	Adv.	8		
邮局	yóujú	Bureau de poste	N.	8		
旁边	pángbiān	À côté	M.P.	8		
不客气	bú kèqi	De rien (pour répondre à un remerciement)		8		
客气	kèqi	Poli, courtois, modeste	Adj.	8		
市中心	shì zhōngxīn	Centre-ville		8		
告诉	gàosu	Dire	V.	8		
地铁	dìtiě	Métro	N.	8		
从	cóng	De, depuis	Prep.	8		
到	dào	À, jusqu'à; arriver	Prep & V	8		
门口	ménkǒu	Porte, entrée	M.P.	8		
公共汽车	gōnggòng qìchē	Bus		8		
汽车	qìchē	Voiture, automobile	N.	8		
车	chē	Véhicule	N.	8		
站	zhàn	Station, arrêt	N.	8		
然后	ránhòu	Puis, ensuite	Conj.	8		
换	huàn	Changer	V.	8		
下车	xià chē	Descendre (de l'auto)		8		
骑	qí	Monter (à cheval; sur un vélo)	V.	8		
自行车	zìxíngchē	Bicyclette, vélo	N.	8		
后面(后边)	hòumian(hòubian)	Derrière, arrière	M.P.	8		
左面(左边)	zuǒmian(zuǒbian)	À gauche	M.P.	8		
上面(上边)	shàngmian(shàngbian)	Dessus, au-dessus	M.P.	8		
下面(下边)	xiàmian(xiàbian)	Bas, en bas	M.P.	8		
里面(里边)	lǐmian(lǐbian)	À l'intérieur	M.P.	8		
外面(外边)	wàimian(wàibian)	À l'extérieur, dehors	M.P.	8		
上车	shàng chē	Monter dans la voiture		8		
近	jìn	Près	Adj.	8		
中间	zhōngjiān	Centre, milieu	M.P.	8+		
出租汽车	chūzū qìchē	Taxi		8+		
船	chuán	Bateau	N.	8+		
开(车)	kāi(chē)	Conduire, piloter	V.	8+		
辆	liàng	(Spécificatif pour les véhicules)	Spec.	8+		
老人家	lǎorénjia	Monsieur/Madame (pour les personnes âgées)	N.	9	-	-
只	zhī	(Spécificatif pour des oiseaux, chats, chiens etc.)	Spec.	9		
狗 [条只]	gǒu	Chien	N.	9		
养	yǎng	Élever (les animaux), cultiver (les fleurs), etc.	V.	9		
过	guò	(Pour marquer une action achevée dans le passé)	Part.	9		
花儿	huār	Fleur	N.	9		
鸟儿 [只]	niǎor	Oiseau	N.	9		
但是	dànshì	Mais	Conj.	9		
听说	tīngshuō	Avoir entendu dire, on dit	V.	9		
城市	chéngshì	Ville	N.	9		
有的	yǒude	Certain	Pron.	9		
猫 [只]	māo	Chat	N.	9		
动物	dòngwù	Animal	N.	9		
麻烦	máfan	Ennuyeux, fastidieux; déranger, importuner; complication		9		
时间	shíjiān	Temps	N.	9		
自己	zìjǐ	Soi-même	Pron.	9		
办	bàn	Faire	V.	9		
对···熟悉	duì···shúxī	Connaître, se familiariser avec		9		
对	duì	À, avec	Prep.	9		
熟悉	shúxī	Connaître, se familiariser avec	V.	9		
些	xiē	(Spécificatif pour le pluriel)	Spec.	9		
这些	zhèxiē	Ces		9		
那些	nàxiē	Ces		9		
哪些	nǎxiē	Quels		9		
一些	yìxiē	Un peu, un certain nombre		9		
照片 [张]	zhàopiàn	Photo	N.	9		
登	dēng	Grimper	V.	9		
不到长城非好汉	bú dào Chángchéng fēi hàohàn	"Vous n'êtes pas un vrai homme si vous n'avez pas conquis la Grande Muraille"		9		
非	fēi	Pas	V.	9		
好汉	hǎohàn	Vrai homme	N.	9		
别的	biéde	Autre	Pron.	9		
欢迎	huānyíng	Accueillir	V.	9		
要是···的话	yàoshi···dehua	Si...		9		
陪	péi	Accompagner	V.	9		
得	děi	Il faut, devoir		9		
(飞)机票	(fēi)jīpiào	Billet d'avion	N.	9		
飞机	fēijī	Avion	N.	9		
票 [张]	piào	Ticket, billet	N.	9		
所以	suǒyǐ	Donc, c'est pourquoi	Conj.	9		
别人	biérén	Autre personne	Pron.	9		
拍照	pāi zhào	Prendre une photo	V.O.	9		
故宫	Gùgōng	Cité interdite, le Palais impérial		9		
颐和园	Yíhéyuán	Palais d'été		9		
长城	Chángchéng	La Grande Muraille		9		
西安	Xī'ān	Xi'an		9		
成都	Chéngdū	Chengdu		9		
宠物	chǒngwù	Animal de compagnie	N.	9+		
遛狗	liù gǒu	Promener le chien	V.O.	9+		
农村	nóngcūn	Campagne	N.	9+		
照相	zhào xiàng	Photographier, prendre des photos	V.O.	9+		
照相机	zhàoxiàngjī	Appareil photo	N.	9+		
胶卷	jiāojuǎn	Film (pour prendre des photos ou filmer)	N.	9+		
旅游	lǚyóu	Voyager	V.	9+		
如果	rúguǒ	Si	Conj.	9+		
大家	dàjiā	Tout le monde	Pron.	10	-	-
还	hái	Encore, de nouveau	Adv.	10		
没(有)	méi(yǒu)	Non	Adv.	10		
住	zhù	Habiter	V.	10		
宿舍	sùshè	Dortoir	N.	10		
天 / 日	tiān / rì	Jour	Spec.	10		
餐厅	cāntīng	Salle à manger; Cantine, restaurant	N.	10		
早饭	zǎofàn	Petit-déjeuner	N.	10		
可能	kěnéng	Peut-être, possible	Adv & Adj	10		
正在	zhèngzài	Être en train de faire qch	Adv.	10		
在	zài	Mot pour désigner une action en cours	Adv.	10		
睡觉	shuì jiào	Se coucher, dormir	V.O.	10		
肯定	kěndìng	Sûr, certain	Adj.	10		
已经	yǐjīng	Déjà	Adv.	10		
起床	qǐ chuáng	Se lever	V.O.	10		
起	qǐ	Se lever	V.	10		
床 [张]	chuáng	Lit	N.	10		
错	cuò	Tort, erroné	Adj.	10		
医院	yīyuàn	Hôpital	N.	10		
病	bìng	Être malade; maladie	V & N	10		
舒服	shūfu	Confortable	Adj.	10		
医生	yīshēng	Docteur	N.	10		
肚子	dùzi	Ventre	N.	10		
疼	téng	Avoir mal	Adj.	10		
干净	gānjìng	Propre	Adj.	10		
片	piàn	(Spécificatif pour des objets fins et plats)	Spec.	10		
面包 [个块片]	miànbāo	Pain	N.	10		
杯	bēi	Un verre	Spec.	10		
牛奶 [杯]	niúnǎi	Lait	N.	10		
不过	búguò	Mais	Conj.	10		
昨天	zuótiān	Hier	M.T.	10		
请客	qǐng kè	Inviter	V.O.	10		
生鱼片	shēng yúpiàn	Sashimi		10		
生	shēng	Cru	Adj.	10		
鱼片	yúpiàn	Tranche de poisson	N.	10		
新鲜	xīnxiān	Frais	Adj.	10		
药	yào	Médicament	N.	10		
着急	zháojí	S'inquiéter, être anxieux	Adj.	10		
说完	shuō-wán	Finir de parler		10		
完	wán	Finir de ...	V.	10		
厕所	cèsuǒ	Toilettes	N.	10		
头	tóu	Tête	N.	10+		
眉毛	méimao	Sourcil	N.	10+		
鼻子	bízi	Nez	N.	10+		
耳朵	ěrduo	Oreille	N.	10+		
嘴巴	zuǐba	Bouche	N.	10+		
牙齿	yáchǐ	Dent	N.	10+		
舌头	shétou	Langue	N.	10+		
下巴	xiàba	Menton	N.	10+		
脸	liǎn	Visage	N.	10+		
脖子	bózi	Cou	N.	10+		
肩膀	jiānbǎng	Épaule	N.	10+		
手臂	shǒubì	Bras	N.	10+		
手	shǒu	Main	N.	10+		
背	bèi	Dos	N.	10+		
胸	xiōng	Poitrine	N.	10+		
乳房	rǔfáng	Sein	N.	10+		
腰	yāo	Taille	N.	10+		
屁股	pìgu	Fesse	N.	10+		
大腿	dàtuǐ	Cuisse	N.	10+		
小腿	xiǎotuǐ	Mollet	N.	10+		
脚	jiǎo	Pied	N.	10+		
身体	shēntǐ	Corps	N.	10+		
食堂	shítáng	Cantine, cafétéria	N.	10+		
午饭	wǔfàn	Déjeuner	N.	10+		
晚饭	wǎnfàn	Dîner	N.	10+		
迟到	chídào	Être en retard	V.	10+		
大夫	dàifu	Docteur, médecin	N.	10+		
脏	zāng	Sale, malpropre, mauvais	Adj.	10+		
打针	dǎ zhēn	Faire une injection	V.O.	10+		
洗手间	xǐshǒujiān	Cabinet de toilette	N.	10+		
卫生间	wèishēngjiān	Toilettes	N.	10+		
新	xīn	Nouveau, neuf	Adj.	11	-	-
借	jiè	Emprunter, prêter	V.	11		
房间	fángjiān	Chambre	N.	11		
拿	ná	Prendre	V.	11		
历史	lìshǐ	Histoire	N.	11		
博物馆	bówùguǎn	Musée	N.	11		
父母亲	fùmǔqin	Parents		11		
父亲	fùqin	Père	N.	11		
母亲	mǔqin	Mère	N.	11		
先	xiān	D'abord	Adv.	11		
火车	huǒchē	Train	N.	11		
第	dì	(Préfixe qui exprime un nombre ordinal)		11		
次	cì	(Spécificatif pour indiquer la fréquence (nb de fois))	Spec.	11		
经济	jīngjì	Économie	N.	11		
文化	wénhuà	Culture	N.	11		
对……感兴趣 / 有兴趣	duì…gǎn xìngqù / yǒu xìngqù	S'intéresser à ...		11		
兴趣	xìngqù	Intérêt	N.	11		
中国通	zhōngguótōng	Sinisant, sinologue		11		
下课	xià kè	Terminer la classe	V.O.	11		
图书馆	túshūguǎn	Bibliothèque	N.	11		
还	huán	Rendre	V.	11		
写	xiě	Écrire	V.	11		
生意	shēngyi	Les affaires	N.	11		
不错	búcuò	Pas mal	Adj.	11		
应该	yīnggāi	Devoir (faire qqch)		11		
恐怕	kǒngpà	Peut être que. Avoir peur que	Adv.	11		
过期	guò qī	Périmé	V.O.	11		
快	kuài	Vite, rapide	Adj.	11		
罚款	fákuǎn	Condamner à une amende	V.O.	11		
罚	fá	Condamner, punir	V.	11		
款	kuǎn	Une somme d'argent	N.	11		
规定	guīdìng	Règlement, stipuler	N.	11		
这么	zhème	Comme ça, si, tellement	Adv.	11		
厉害	lìhai	Sévère, féroce, fort	Adj.	11		
算了	suàn le	Laisser tomber, abandonner		11		
那么	nàme	Comme ça; de toute façon	Adv.	11		
参观	cānguān	Visiter	V.	11		
香港	Xiānggǎng	HongKong		11		
超市	chāoshì	Supermarché	N.	11+		
访问	fǎngwèn	Visiter	V.	11+		
阅览室	yuèlǎnshì	Salle de lecture	N.	11+		
办公室	bàngōngshì	Bureau	N.	11+		
教学楼	jiàoxuélóu	Bâtiment de classes	N.	11+		
学生证	xuéshēngzhèng	Carte d'étudiant	N.	11+		
借书证	jièshūzhèng	Carte de bibliothèque	N.	11+		
得	de	-	Part.	12	-	-
外事	wàishì	Affaires étrangères	N.	12		
活动	huódòng	Activité; agir	V & N	12		
见	jiàn	Voir, rencontrer	V.	12		
国家	guójiā	Pays, Etat	N.	12		
主席	zhǔxí	Président	N.	12		
总统	zǒngtǒng	Président	N.	12		
特别	tèbié	Spécialement, spécial	Adv & Adj	12		
唱歌	chàng gē	Chanter une chanson	V.O.	12		
唱	chàng	Chanter	V.	12		
歌	gē	Chanson	N.	12		
好听	hǎotīng	Agréable à entendre	Adj.	12		
跳舞	tiàowǔ	Danser	V.O.	12		
跳	tiào	Sauter	V.	12		
舞	wǔ	Danse	N.	12		
优美	yōuměi	Gracieux	Adj.	12		
问题	wèntí	Question, problème	N.	12		
晚	wǎn	Tard	Adj.	12		
祝	zhù	Souhaiter	V.	12		
生日	shēngrì	Anniversaire	N.	12		
快乐	kuàilè	Joyeux	Adj.	12		
送	sòng	Offrir	V.	12		
礼物 [件]	lǐwù	Cadeau	N.	12		
属	shǔ	Être né dans l'année de ... (zodiaque chinois)	V.	12		
玉 [块]	yù	Jade	N.	12		
咱们	zánmen	Nous (exclus ceux qui ne sont pas présents)	Pron.	12		
蛋糕	dàngāo	Gâteau	N.	12		
字	zì	Caractère (chinois)	N.	12		
越来越…	yuèláiyuè	De plus en plus...		12		
年轻	niánqīng	Jeune	Adj.	12		
流利	liúlì	Couramment	Adj.	12		
酒	jiǔ	Alcool, vin	N.	12		
越…越…	yuè … yuè …	Plus...plus		12		
明白	míngbai	Comprendre; éclairé	V & Adj	12		
干杯	gān bēi	Porter un toast, "à votre santé"	V.O.	12		
早	zǎo	Tôt	Adj.	12		
好看	hǎokàn	Joli, beau	Adj.	12		
女王	nǚ wáng	Reine	N.	12+		
总督	zǒngdū	Gouverneur général	N.	12+		
总理	zǒnglǐ	Premier ministre	N.	12+		
首相	shǒuxiàng	Premier ministre	N.	12+		
省长	shěngzhǎng	Préfet, gouverneur	N.	12+		
校长	xiàozhǎng	Directeur (d'école)	N.	12+		
领导	lǐngdǎo	Directeur, responsable	N.	12+		
打扮	dǎban	Se maquiller, se parer	V.	12+		
帅	shuài	Beau	Adj.	12+		
可惜	kěxī	C'est dommage.	Adj.	12+		
好玩	hǎowán	Amusant, intéressant	Adj.	12+		
鼠	shǔ	Rat (zodiaque)		12+		
牛	niú	Boeuf (zodiaque)		12+		
虎	hǔ	Tigre (zodiaque)		12+		
兔	tù	Lièvre (zodiaque)		12+		
龙	lóng	Dragon (zodiaque)		12+		
蛇	shé	Serpent (zodiaque)		12+		
马	mǎ	Cheval (zodiaque)		12+		
羊	yáng	Mouton (zodiaque)		12+		
猴	hóu	Singe (zodiaque)		12+		
鸡	jī	Coq (zodiaque)		12+		
狗	gǒu	Chien (zodiaque)		12+		
猪	zhū	Porc (zodiaque)		12+		
热	rè	Chaud	Adj.	13	熱	-
天气	tiānqì	Temps	N.	13	天氣	
预报	yùbào	Prévision, prévenir	V & N	13	預報	
听	tīng	Écouter	V.	13	聽	
温度	wēndù	Température	N.	13	溫度	
度	dù	Degré (spécificatif pour la température)	Spec.	13		
家乡	jiāxiāng	Pays natal	N.	13	家鄉	
比	bǐ	Plus...que, moins...que	Prep.	13		
更	gèng	Plus	Adv.	13		
夏天	xiàtiān	Été	N & MT	13		
凉快	liángkuai	Frais	Adj.	13	涼快	
冬天	dōngtiān	Hiver	N & MT	13		
冷	lěng	Froid	Adj.	13		
低	dī	Bas	Adj.	13		
左右	zuǒyòu	Environ, à peu près		13		
暖气	nuǎnqì	Chauffage central	N.	13	暖氣	
暖和	nuǎnhuo	Doux, tempéré	Adj.	13		
一样	yíyàng	Pareil, comme	Adj.	13	一樣	
差不多	chàbuduō	Presque pareil	Adj.	13		
常常	chángcháng	Souvent	Adv.	13		
滑雪	huá xuě	Skier	V.O.	13		
滑	huá	Glisser	V & Adj	13		
雪	xuě	Neige	N.	13		
游泳	yóuyǒng	Nager	V.O.	13		
游	yóu	Nager	V.	13		
春天	chūntiān	Printemps	N & MT	13		
季节	jìjié	Saison	N.	13	季節	
秋天	qiūtiān	Automne	N & MT	13		
下雨	xià yǔ	Pleuvoir	V.O.	13		
雨	yǔ	Pluie	N.	13		
刮风	guā fēng	Faire du vent, il vente	V.O.	13	颳風	
刮	guā	Gratter, racler	V.	13	颳	
风	fēng	Vent	N.	13	風	
极了	jí le	Extrême, extrêmement		13	極了	
枫叶	fēngyè	Feuille d'érable	N.	13	楓葉	
美丽	měilì	Beau	Adj.	13	美麗	
晴天	qíngtiān	Beau temps	N.	13		
多云	duōyún	Nuageux	Adj.	13	多雲	
冰	bīng	Glace	N & Adj	13		
有的时候	yǒude shíhou	Quelque fois		13	有的時候	
有时	yǒushí	Quelque fois		13	有時	
还可以	hái kěyǐ	Indique que la situation n'est pas si mauvaise. Tolérable		13	還可以	
一点儿也不	yìdiǎn'r yě bù	Pas du tout		13	一點兒也不	
很少	hěn shǎo	Rarement		13		
冰天雪地	bīngtiān-xuědì	Un monde de glace et de neige		13+		
四季如春	sìjì-rúchūn	C'est le printemps toute l'année		13+		
四季分明	sìjì-fēnmíng	Les 4 saisons sont bien distinctes		13+		
摄氏	shèshì	Celcius, centigrade	N.	13+	攝氏	
华氏	huáshì	Fahrenheit	N.	13+	華氏	
气温	qìwēn	Température	N.	13+	氣溫	
太阳	tàiyáng	Soleil	N.	13+	太陽	
月亮	yuèliang	Lune	N.	13+		
星星	xīngxing	Étoile	N.	13+		
阴天	yīntiān	Gris, couvert, nuageux	Adj.	13+	陰天	
北方	běifāng	Nord	M.P.	14		-
老家	lǎojiā	Pays natal	N.	14		
东北	dōngběi	Nord-est	M.P.	14	東北	
农村	nóngcūn	Campagne	N.	14	農村	
北边(北面)	běibian (běimiàn)	Au nord	M.P.	14	北邊	
南边(南面)	nánbian (nánmiàn)	Au sud	M.P.	14	南邊	
河 [条]	hé	Rivière	N.	14		
空气	kōngqì	Air	N.	14	空氣	
环境	huánjìng	Environnement	N.	14	環境	
交通	jiāotōng	Transport	N.	14		
方便	fāngbiàn	Commode, pratique	Adj.	14		
一定	yídìng	Sûrement, certainement	Adv.	14		
热闹	rènao	Animé	Adj.	14	熱鬧	
东边(东面)	dōngbian (dōngmiàn)	À l'est	M.P.	14	東邊	
西边(西面)	xībian (xīmiàn)	À l'ouest	M.P.	14	西邊	
车水马龙	chēshuǐ-mǎlóng	Trafic intense	Chengyu	14	車水馬龍	
多(么)	duō(me)	Quel, que	Adv.	14	多(麽)	
吵	chǎo	Faire du bruit, bruyant	V & Adj	14		
死	sǐ	Mourir	V.	14		
东部	dōngbù	Est	M.P.	14	東部	
西部	xībù	Ouest	M.P.	14		
层	céng	Étage	Spec.	14	層	
楼	lóu	Bâtiment, édifice	N.	14	樓	
地下室	dìxiàshì	Sous-sol, cave	N.	14		
车库	chēkù	Garage	N.	14	車庫	
院子	yuànzi	Cour, jardin	N.	14		
树	shù	Arbre	N.	14	樹	
开	kāi	Conduire, ouvrir, allumer	V.	14	開	
需要	xūyào	Avoir besoin	V & N	14		
小时	xiǎoshí	Heure	N.	14	小時	
海	hǎi	La mer	N.	14		
海边	hǎobiān	Au bord de la mer	N.	14	海邊	
晚饭	wǎnfàn	Dîner	N.	14	晚飯	
散步	sàn bù	Se promener, faire une promenade	V.O.	14		
南方	nánfāng	Sud	M.P.	14		
对面	duìmiàn	En face, côté opposé, l'autre coté	Loc.	14	對面	
好什么	hǎo shénme	Pas bien		14	好什麽	
那多好	nà duō hǎo	Que c'est bien !		14		
死了	sǐ le	(Exclamation. Indique le degré élevé)		14		
东方	dōngfāng	Est, orient	N.	14+	東方	
西方	xīfāng	Ouest	N.	14+		
市区	shìqū	Ville, zone urbaine	N.	14+	市區	
郊区	jiāoqū	Banlieue	N.	14+	郊區	
安静	ānjìng	Calme, tranquille	Adj.	14+	安靜	
湖	hú	Lac	N.	14+		
草	cǎo	Herbe	N.	14+		
森林	sēnlín	Forêt	N.	14+		
沙漠	shāmò	Désert	N.	14+		